id,name,link,1,1.5,2,2.5,3,3.5,4,4.5,5,5.5,6,6.5,7,7.5,8,8.5,9,9.5,10,10.5,11,11.5,12,12.5,13,13.5,14,14.5,15,15.5,16,16.5,17,17.5,18,13W / 11.5M,5W / 3.5M,7W / 5.5M,6W / 4.5M,8.5W / 7M,10W / 8.5M,5.5W / 4M,8W / 6.5M,11W / 9.5M,10.5W / 9M,6.5W / 5M,9.5W / 8M,14W / 12.5M,16.5W / 15M,15.5W / 14M,12W / 10.5M,13.5W / 12M,7.5W / 6M,12.5W / 11M,11.5W / 10M,14.5W / 13M,9W / 7.5M,3.5 2E wide,4 2E wide,4.5 2E wide,5 2E wide,5.5 2E wide,6 2E wide,6.5 2E wide,7 2E wide,7.5 2E wide,8 2E wide,8.5 2E wide,9 2E wide,9.5 2E wide,10 2E wide,10.5 2E wide,11 2E wide,11.5 2E wide,12 2E wide,12.5 2E wide,13 2E wide,13.5 2E wide,14 2E wide,14.5 2E wide,15 2E wide,15.5 2E wide,16 2E wide,16.5 2E wide,17 2E wide,17.5 2E wide,18 2E wide,None,1 2E,1.5 2E,2 2E,2.5 2E,3.5 2E,4 2E,4.5 2E,5 2E,5.5 2E,6 2E,6.5 2E,7 2E,7.5 2E,8 2E,8.5 2E,9 2E,9.5 2E,10 2E,10.5 2E,11 2E,11.5 2E,12 2E,12.5 2E,13 2E,13.5 2E,14 2E,14.5 2E,15 2E,15.5 2E,16 2E,16.5 2E,17 2E,17.5 2E,18 2E
0,Jordan 13 Retro Playoffs (2023),https://stockx.com/fr-fr/air-jordan-13-retro-playoffs-2023,,,,,,"[35, 272, 3]","[90, 272, 8]","[87, 264, 7]","[87, 272, 6]","[35, 272, 4]","[103, 311, 10]","[129, 325, 11]","[155, 264, 70]","[161, 200, 61]","[156, 246, 112]","[172, 272, 109]","[176, 274, 115]","[180, 271, 141]","[175, 195, 227]","[183, 242, 193]","[188, 249, 205]","[219, 290, 104]","[241, 272, 176]","[238, 303, 113]","[247, 292, 122]",,"[220, 304, 90]",,"[152, 297, 29]",,"[78, 331, 28]",,"[103, 286, 10]",,"[107, 247, 14]",,,,,,,,,,,,,,,,,,,,,,,,,,,,,,,,,,,,,,,,,,,,,,,,,,,,,,,,,,,,,,,,,,,,,,,,,,,,,,,,,,,,,,,
1,Nike Dunk Low Grey Fog,https://stockx.com/fr-fr/nike-dunk-low-grey-fog,,,,,,"[155, None, 0]","[200, None, 0]","[186, None, 0]","[258, None, 0]","[260, None, 0]","[195, 255, 52]","[188, 219, 69]","[154, 181, 137]","[152, 171, 176]","[148, 171, 237]","[147, 159, 283]","[148, 172, 350]","[147, 173, 400]","[150, 175, 389]","[152, 177, 221]","[147, 176, 282]","[145, 177, 201]","[156, 178, 183]","[143, 164, 91]","[149, 160, 130]",,"[136, 152, 67]",,"[114, 142, 56]",,,,,,,,,,,,,,,,,,,,,,,,,,,,,,,,,,,,,,,,,,,,,,,,,,,,,,,,,,,,,,,,,,,,,,,,,,,,,,,,,,,,,,,,,,,,,
2,Puma LaMelo Ball MB.02 Rick & Morty Adventures,https://stockx.com/fr-fr/puma-lamelo-ball-mb02-rick-and-morty-adventures,,,,,,,"[125, 218, 15]","[74, 209, 13]","[133, 208, 17]","[147, 219, 21]","[144, 221, 17]","[133, 216, 24]","[152, 189, 53]","[114, 178, 20]","[123, 167, 42]","[116, 164, 62]","[127, 184, 53]","[126, 175, 58]","[119, 172, 73]","[125, 180, 103]","[138, 159, 118]","[150, 176, 75]","[151, 177, 101]","[133, 227, 3]","[142, 177, 74]",,"[133, 175, 40]",,"[147, 187, 12]",,"[34, 366, 4]",,"[73, 205, 4]",,"[17, None, 0]",,,,,,,,,,,,,,,,,,,,,,,,,,,,,,,,,,,,,,,,,,,,,,,,,,,,,,,,,,,,,,,,,,,,,,,,,,,,,,,,,,,,,,,
3,New Balance 574 Legacy Stone Island Steel Blue,https://stockx.com/fr-fr/new-balance-574-legacy-stone-island-steel-blue,,,,,,,"[351, 453, 8]","[204, 506, 4]","[278, 462, 11]","[258, 485, 9]","[205, 461, 15]","[246, 315, 9]","[200, 316, 12]","[237, 315, 23]","[261, 325, 25]","[239, 284, 19]","[240, 273, 35]","[259, 297, 30]","[256, 304, 36]","[238, 313, 30]","[247, 294, 34]","[228, 262, 25]","[238, 318, 24]","[228, 446, 3]","[291, 329, 16]",,"[284, 461, 4]",,"[190, 312, 5]",,"[47, None, 0]",,,,,,,,,,,,,,,,,,,,,,,,,,,,,,,,,,,,,,,,,,,,,,,,,,,,,,,,,,,,,,,,,,,,,,,,,,,,,,,,,,,,,,,,,,,
4,Jordan 1 Mid SE Space Jam,https://stockx.com/fr-fr/air-jordan-1-mid-space-jam,,,,,,,,,,,,,"[161, 179, 25]","[151, 204, 45]","[147, 180, 47]","[152, 183, 38]","[147, 189, 39]","[138, 189, 63]","[143, 187, 76]","[153, 173, 69]","[142, 180, 82]","[157, 182, 54]","[147, 200, 72]","[125, 189, 26]","[129, 195, 60]",,"[133, 200, 34]",,"[128, 194, 19]",,"[86, 138, 5]",,"[56, 195, 2]",,"[60, 195, 2]",,,,,,,,,,,,,,,,,,,,,,,,,,,,,,,,,,,,,,,,,,,,,,,,,,,,,,,,,,,,,,,,,,,,,,,,,,,,,,,,,,,,,,,
5,Jordan 1 Retro High OG Reverse Laney (W),https://stockx.com/fr-fr/air-jordan-1-retro-high-og-reverse-laney-w,,,,,,,,,"[48, 234, 19]","[113, 187, 10]","[86, 231, 16]","[103, 194, 26]","[112, 180, 22]","[109, 169, 48]","[119, 169, 35]","[166, 181, 38]","[138, 189, 47]","[151, 178, 26]","[142, 217, 39]","[142, 181, 29]","[150, 174, 39]","[147, 176, 46]","[180, 207, 91]","[198, 271, 33]","[194, 274, 27]","[207, 248, 17]","[195, 237, 17]","[215, 230, 15]",,"[186, 271, 13]",,"[142, 241, 9]",,,,,,,,,,,,,,,,,,,,,,,,,,,,,,,,,,,,,,,,,,,,,,,,,,,,,,,,,,,,,,,,,,,,,,,,,,,,,,,,,,,,,,,,,,
6,Nike Dunk Low Retro White Black Panda (2021),https://stockx.com/fr-fr/nike-dunk-low-retro-white-black-2021,,,,,,"[94, None, 0]","[125, 325, 1]","[168, None, 0]","[139, 429, 4]","[176, 390, 2]","[134, 163, 67]","[119, 151, 83]","[133, 155, 145]","[128, 147, 161]","[138, 154, 304]","[133, 156, 322]","[134, 154, 465]","[135, 158, 501]","[133, 149, 508]","[137, 158, 341]","[138, 147, 367]","[142, 160, 210]","[138, 158, 294]","[143, 170, 80]","[146, 174, 184]",,"[159, 180, 55]",,"[129, 167, 46]",,,,,,,,,,,,,,,,,,,,,,,,,,,,,,,,,,,,,,,,,,,,,,,,,,,,,,,,,,,,,,,,,,,,,,,,,,,,,,,,,,,,,,,,,,,,,
7,Nike Dunk Low Retro White Black Panda (2021) (W),https://stockx.com/fr-fr/nike-dunk-low-white-black-2021-w,,,,,,,,,"[120, 140, 128]","[114, 145, 168]","[120, 150, 315]","[127, 157, 351]","[128, 149, 404]","[133, 149, 350]","[126, 151, 377]","[129, 146, 308]","[128, 147, 276]","[128, 149, 199]","[126, 147, 180]","[133, 153, 76]","[128, 153, 106]","[123, 151, 64]","[123, 151, 101]",,,,,,,,,,,,,,,,,,,,,,,,,,,,,,,,,,,,,,,,,,,,,,,,,,,,,,,,,,,,,,,,,,,,,,,,,,,,,,,,,,,,,,,,,,,,,,,,,,,
8,Nike Dunk Low Retro White Black Panda (2021) (GS),https://stockx.com/fr-fr/nike-dunk-low-retro-white-black-gs,,,,,,"[90, 103, 154]","[104, 119, 217]","[114, 128, 211]","[112, 131, 296]","[119, 137, 244]","[111, 130, 303]","[117, 137, 345]","[112, 133, 244]",,,,,,,,,,,,,,,,,,,,,,,,,,,,,,,,,,,,,,,,,,,,,,,,,,,,,,,,,,,,,,,,,,,,,,,,,,,,,,,,,,,,,,,,,,,,,,,,,,,,,,,,,,,,,
9,Nike Dunk Low Retro PRM Valentine's Day (2023),https://stockx.com/fr-fr/nike-dunk-low-valentines-day-2023,,,,,,"[134, 185, 28]","[133, 156, 47]","[137, 158, 51]","[149, 168, 54]","[166, 209, 42]","[142, 158, 97]","[161, 188, 65]","[128, 140, 80]","[124, 147, 98]","[129, 139, 226]","[126, 139, 188]","[114, 134, 224]","[122, 138, 196]","[123, 137, 257]","[119, 134, 212]","[133, 146, 233]","[133, 150, 123]","[125, 141, 209]","[133, 163, 47]","[123, 140, 136]","[143, 273, 1]","[136, 166, 27]",,"[143, 173, 23]",,,,,,,,,,,,,,,,,,,,,,,,,,,,,,,,,,,,,,,,,,,,,,,,,,,,,,,,,,,,,,,,,,,,,,,,,,,,,,,,,,,,,,,,,,,,,
10,Nike Air Force 1 Low '07 White,https://stockx.com/fr-fr/nike-air-force-1-low-white-07,,,,,,"[31, 905658, 2]","[71, None, 0]","[85, None, 0]","[79, 130, 1]","[79, None, 0]","[78, 101, 25]","[81, 120, 29]","[80, 100, 106]","[94, 116, 119]","[86, 118, 205]","[90, 114, 272]","[85, 110, 274]","[102, 112, 229]","[89, 111, 516]","[85, 115, 195]","[85, 111, 389]","[95, 119, 324]","[80, 122, 466]","[63, 117, 129]","[80, 117, 310]","[85, None, 0]","[76, 117, 88]","[43, None, 0]","[69, 117, 13]",,"[43, 146, 5]",,"[45, 243, 5]",,"[32, 175, 4]",,,,,,,,,,,,,,,,,,,,,,,,,,,,,,,,,,,,,,,,,,,,,,,,,,,,,,,,,,,,,,,,,,,,,,,,,,,,,,,,,,,,,,,
11,Jordan 1 Retro High 85 Black White (2023),https://stockx.com/fr-fr/air-jordan-1-retro-high-85-black-white-2023,,,,,,"[251, 314, 8]","[267, 347, 24]","[257, 314, 21]","[257, 309, 34]","[255, 336, 36]","[247, 307, 30]","[258, 312, 42]","[255, 298, 69]","[249, 279, 74]","[250, 279, 96]","[257, 289, 128]","[259, 290, 181]","[271, 302, 196]","[278, 304, 176]","[280, 315, 138]","[285, 308, 130]","[319, 356, 43]","[297, 336, 100]","[309, 346, 23]","[284, 318, 76]",,"[344, 405, 30]",,"[258, 305, 19]",,"[203, 365, 8]",,"[174, 324, 6]",,"[219, 402, 7]",,,,,,,,,,,,,,,,,,,,,,,,,,,,,,,,,,,,,,,,,,,,,,,,,,,,,,,,,,,,,,,,,,,,,,,,,,,,,,,,,,,,,,,
12,Jordan 4 Retro Seafoam (W),https://stockx.com/fr-fr/air-jordan-4-retro-oil-green-w,,,,,,,,,"[211, 281, 88]","[238, 310, 92]","[261, 284, 102]","[261, 307, 150]","[257, 309, 161]","[276, 314, 159]","[272, 310, 223]","[268, 314, 190]","[272, 326, 188]","[272, 326, 166]","[261, 309, 165]","[271, 315, 209]","[266, 307, 175]","[267, 301, 169]","[285, 315, 149]",,,,,,,,,,,,,,,,,,,,,,,,,,,,,,,,,,,,,,,,,,,,,,,,,,,,,,,,,,,,,,,,,,,,,,,,,,,,,,,,,,,,,,,,,,,,,,,,,,,
13,Jordan 4 Retro SE Craft Photon Dust,https://stockx.com/fr-fr/air-jordan-4-retro-se-craft-photon-dust,,,,,,"[155, 231, 39]","[200, 257, 60]","[200, 280, 29]","[209, 263, 24]","[214, 281, 66]","[209, 276, 53]","[238, 271, 69]","[209, 270, 136]","[250, 289, 124]","[252, 283, 221]","[247, 288, 220]","[263, 294, 308]","[261, 288, 306]","[261, 289, 410]","[266, 294, 270]","[252, 304, 339]","[266, 296, 178]","[257, 294, 239]","[257, 299, 142]","[257, 284, 143]","[217, 300, 3]","[223, 282, 107]",,"[220, 270, 88]",,"[223, 252, 72]",,"[129, 276, 69]",,"[99, 249, 45]",,,,,,,,,,,,,,,,,,,,,,,,,,,,,,,,,,,,,,,,,,,,,,,,,,,,,,,,,,,,,,,,,,,,,,,,,,,,,,,,,,,,,,,
14,Nike SB Dunk Low Adobe,https://stockx.com/fr-fr/nike-dunk-low-adobe,,,,,,,"[89, 147, 11]","[103, 142, 10]","[95, 142, 9]","[103, 148, 14]","[107, 157, 27]","[117, 160, 22]","[99, 132, 32]","[96, 142, 26]","[96, 139, 44]","[95, 136, 54]","[103, 128, 86]","[107, 132, 86]","[112, 134, 96]","[120, 130, 70]","[120, 124, 77]","[116, 129, 39]","[120, 138, 49]","[103, 388, 1]","[120, 146, 31]",,"[117, 188, 14]",,"[129, 163, 4]",,,,,,,,,,,,,,,,,,,,,,,,,,,,,,,,,,,,,,,,,,,,,,,,,,,,,,,,,,,,,,,,,,,,,,,,,,,,,,,,,,,,,,,,,,,,,
15,Nike Dunk Low Rose Whisper (W),https://stockx.com/fr-fr/nike-dunk-low-rose-whisper-w,,,,,,,,,"[113, 146, 81]","[114, 132, 105]","[116, 134, 110]","[114, 137, 270]","[118, 132, 294]","[114, 124, 402]","[118, 131, 386]","[108, 123, 661]","[111, 130, 336]","[112, 123, 398]","[109, 129, 162]","[105, 126, 244]","[109, 124, 77]","[112, 126, 122]","[114, 132, 88]",,,,,,,,,,,,,,,,,,,,,,,,,,,,,,,,,,,,,,,,,,,,,,,,,,,,,,,,,,,,,,,,,,,,,,,,,,,,,,,,,,,,,,,,,,,,,,,,,,,
16,New Balance 991 MiUK JJJJound Grey Olive,https://stockx.com/fr-fr/new-balance-991-miuk-jjjjound-grey-olive,,,,,,,"[284, 499, 5]","[315, 526, 4]","[277, 608, 1]","[323, 543, 5]","[330, 656, 2]","[328, 544, 7]","[347, 494, 24]","[385, 501, 25]","[414, 466, 46]","[435, 472, 42]","[414, 482, 68]","[411, 513, 66]","[409, 467, 76]","[386, 435, 70]","[379, 431, 71]","[363, 425, 57]","[361, 456, 42]","[262, None, 0]","[352, 435, 26]",,"[400, 714, 6]",,"[301, 844, 2]",,,,,,,,,,,,,,,,,,,,,,,,,,,,,,,,,,,,,,,,,,,,,,,,,,,,,,,,,,,,,,,,,,,,,,,,,,,,,,,,,,,,,,,,,,,,,
17,Jordan 1 Retro High OG True Blue,https://stockx.com/fr-fr/air-jordan-1-retro-high-og-true-blue,,,,,,"[95, 149, 24]","[99, 163, 20]","[101, 163, 20]","[121, 186, 35]","[120, 195, 20]","[109, 197, 34]","[161, 179, 47]","[143, 158, 89]","[138, 178, 72]","[135, 195, 96]","[139, 158, 116]","[133, 158, 195]","[131, 164, 201]","[152, 178, 193]","[144, 168, 189]","[161, 195, 145]","[152, 200, 106]","[152, 195, 157]","[154, 173, 76]","[150, 214, 86]",,"[134, 201, 36]",,"[130, 181, 23]",,"[123, 181, 27]",,"[103, 189, 10]",,"[106, 208, 15]",,,,,,,,,,,,,,,,,,,,,,,,,,,,,,,,,,,,,,,,,,,,,,,,,,,,,,,,,,,,,,,,,,,,,,,,,,,,,,,,,,,,,,,
18,Jordan 1 Low SE Concord,https://stockx.com/fr-fr/air-jordan-1-low-se-concord,,,,,,,"[89, None, 0]","[104, None, 0]","[129, None, 0]","[150, 179, 1]","[129, None, 0]","[159, 249, 1]","[133, 168, 57]","[112, 168, 68]","[136, 164, 105]","[128, 158, 151]","[133, 153, 200]","[137, 153, 182]","[140, 158, 232]","[140, 158, 214]","[133, 159, 202]","[142, 163, 95]","[123, 168, 141]","[123, 178, 37]","[116, 178, 71]","[86, None, 0]","[109, 177, 47]",,"[147, 195, 15]",,"[94, 210, 3]",,"[69, 292, 3]",,"[99, None, 0]",,,,,,,,,,,,,,,,,,,,,,,,,,,,,,,,,,,,,,,,,,,,,,,,,,,,,,,,,,,,,,,,,,,,,,,,,,,,,,,,,,,,,,,
19,Jordan 11 Retro Cherry (2022),https://stockx.com/fr-fr/air-jordan-11-retro-cherry-2022,,,,,,"[126, 247, 7]","[146, 199, 13]","[157, 247, 13]","[156, 221, 35]","[173, 216, 25]","[207, 263, 23]","[219, 278, 24]","[185, 238, 72]","[194, 252, 61]","[199, 233, 181]","[190, 234, 215]","[190, 210, 261]","[193, 231, 346]","[194, 220, 455]","[198, 237, 372]","[210, 242, 377]","[228, 247, 167]","[216, 248, 284]","[211, 284, 54]","[241, 268, 163]",,"[225, 280, 64]",,"[247, 297, 40]",,"[224, 367, 5]",,"[215, 779, 3]",,"[276, 617, 2]",,,,,,,,,,,,,,,,,,,,,,,,,,,,,,,,,,,,,,,,,,,,,,,,,,,,,,,,,,,,,,,,,,,,,,,,,,,,,,,,,,,,,,,
20,Nike Dunk Low Summit White Midnight Navy,https://stockx.com/fr-fr/nike-dunk-low-summit-white-midnight-navy,,,,,,,"[109, 159, 6]","[111, 153, 7]","[115, 133, 17]","[112, 146, 27]","[112, 147, 17]","[111, 132, 29]","[111, 141, 32]","[114, 147, 37]","[107, 122, 62]","[107, 120, 68]","[107, 121, 78]","[108, 132, 86]","[108, 125, 130]","[112, 135, 84]","[109, 123, 86]","[115, 137, 58]","[104, 121, 65]","[104, 137, 27]","[112, 139, 37]",,"[107, 153, 12]",,"[107, 131, 12]",,,,,,,,,,,,,,,,,,,,,,,,,,,,,,,,,,,,,,,,,,,,,,,,,,,,,,,,,,,,,,,,,,,,,,,,,,,,,,,,,,,,,,,,,,,,,
21,NikeCraft General Purpose Shoe Tom Sachs Field Brown,https://stockx.com/fr-fr/nikecraft-general-purpose-shoe-tom-sachs-brown,,,,,,,,,,,,,,,,,,,,,,,,,,,,,,,,,,,,"[90, 101, 228]","[62, 122, 14]","[95, 103, 59]","[85, 114, 32]","[79, 103, 96]","[91, 119, 199]","[34, 130, 16]","[72, 116, 78]","[97, 124, 211]","[96, 126, 214]","[60, 102, 52]","[77, 115, 114]","[89, 107, 197]","[108, 142, 42]","[104, 133, 78]","[104, 123, 266]","[112, 121, 188]","[67, 107, 75]","[95, 118, 258]","[108, 123, 212]","[102, 115, 124]","[77, 98, 113]",,,,,,,,,,,,,,,,,,,,,,,,,,,,,,,,,,,,,,,,,,,,,,,,,,,,,,,,,,,,,,,,,
22,Nike Dunk Low Next Nature White Black Panda (W),https://stockx.com/fr-fr/nike-dunk-low-next-nature-white-black-w,,,,,,,,,"[113, 139, 54]","[120, 133, 78]","[107, 140, 72]","[116, 134, 133]","[116, 136, 158]","[114, 136, 149]","[120, 135, 169]","[112, 133, 149]","[116, 136, 172]","[112, 137, 121]","[112, 140, 100]","[112, 138, 54]","[132, 142, 60]","[112, 139, 49]","[120, 139, 61]","[105, 231, 3]","[155, 468, 2]","[122, 245, 5]",,,,,,,,,,,,,,,,,,,,,,,,,,,,,,,,,,,,,,,,,,,,,,,,,,,,,,,,,,,,,,,,,,,,,,,,,,,,,,,,,,,,,,,,,,,,,,,,
23,Nike Dunk Low Retro Red Swoosh Panda,https://stockx.com/fr-fr/nike-dunk-low-retro-red-swoosh-panda,,,,,,,"[136, None, 0]","[112, None, 0]","[146, None, 0]","[129, None, 0]","[97, 136, 45]","[94, 119, 20]","[103, 127, 67]","[100, 133, 31]","[88, 102, 47]","[91, 98, 159]","[94, 114, 39]","[91, 100, 132]","[94, 102, 134]","[104, 124, 43]","[96, 109, 81]","[100, 110, 38]","[99, 111, 78]","[100, 111, 48]","[105, 116, 90]",,"[105, 140, 24]",,"[107, 140, 11]",,,,,,,,,,,,,,,,,,,,,,,,,,,,,,,,,,,,,,,,,,,,,,,,,,,,,,,,,,,,,,,,,,,,,,,,,,,,,,,,,,,,,,,,,,,,,
24,Nike Dunk Low Active Fuchsia (GS),https://stockx.com/fr-fr/nike-dunk-low-active-fuchsia-gs,,,,,,"[78, 118, 69]","[86, 100, 119]","[94, 123, 98]","[106, 131, 102]","[112, 126, 116]","[111, 126, 145]","[114, 130, 115]","[133, 158, 56]",,,,,,,,,,,,,,,,,,,,,,,,,,,,,,,,,,,,,,,,,,,,,,,,,,,,,,,,,,,,,,,,,,,,,,,,,,,,,,,,,,,,,,,,,,,,,,,,,,,,,,,,,,,,,
25,Nike Dunk High Panda Black White (2021),https://stockx.com/fr-fr/nike-dunk-high-black-white-total-orange-2021,,,,,,"[112, None, 0]","[87, None, 0]","[107, None, 0]","[224, None, 0]","[151, None, 0]","[119, 141, 71]","[114, 148, 45]","[96, 122, 59]","[105, 130, 40]","[97, 131, 97]","[106, 131, 106]","[86, 109, 176]","[95, 122, 152]","[90, 98, 203]","[95, 114, 192]","[87, 116, 169]","[94, 108, 151]","[98, 122, 155]","[76, 129, 72]","[87, 140, 91]",,"[97, 145, 37]",,,,,,,,,,,,,,,,,,,,,,,,,,,,,,,,,,,,,,,,,,,,,,,,,,,,,,,,,,,,,"[None, 142, 30]",,,,,,,,,,,,,,,,,,,,,,,,,,,,,,,,,,
26,Nike SB Dunk Low Pro White Gum,https://stockx.com/fr-fr/nike-sb-dunk-low-pro-white-gum,,,,,,"[122, None, 0]","[144, 189, 8]","[138, 162, 9]","[138, 165, 11]","[129, 147, 11]","[129, 149, 23]","[118, 141, 28]","[119, 142, 59]","[123, 135, 29]","[138, 151, 57]","[137, 164, 45]","[138, 159, 64]","[142, 160, 58]","[138, 152, 89]","[140, 150, 53]","[131, 144, 78]","[123, 140, 62]","[134, 153, 51]","[157, None, 0]","[126, 141, 45]",,"[119, 140, 27]",,"[122, 134, 16]",,"[450, None, 0]",,"[43, None, 0]",,,,,,,,,,,,,,,,,,,,,,,,,,,,,,,,,,,,,,,,,,,,,,,,,,,,,,,"[None, None, 0]",,,,,,,,,,,,,,,,,,,,,,,,,,,,,,,,,,
27,Nike Dunk Low Industrial Blue Sashiko,https://stockx.com/fr-fr/nike-dunk-low-industrial-blue-sashiko,,,,,,,,,,,"[161, 186, 22]","[128, 160, 27]","[112, 129, 42]","[112, 137, 42]","[114, 135, 70]","[112, 128, 75]","[107, 122, 70]","[114, 129, 98]","[117, 130, 62]","[117, 133, 56]","[107, 123, 69]","[114, 145, 36]","[115, 146, 47]","[115, 150, 28]","[118, 132, 30]",,"[112, 151, 12]",,"[116, 141, 9]",,,,,,,,,,,,,,,,,,,,,,,,,,,,,,,,,,,,,,,,,,,,,,,,,,,,,,,,,,,,,,,,,,,,,,,,,,,,,,,,,,,,,,,,,,,,,
28,Jordan 1 Retro High OG Chicago Lost and Found,https://stockx.com/fr-fr/air-jordan-1-retro-high-og-chicago-reimagined-lost-and-found,,,,,,"[194, 286, 20]","[208, 268, 32]","[233, 296, 31]","[243, 324, 50]","[271, 315, 35]","[285, 308, 60]","[290, 344, 76]","[295, 342, 132]","[330, 394, 103]","[332, 391, 189]","[340, 376, 193]","[371, 410, 250]","[374, 426, 290]","[380, 428, 279]","[380, 430, 231]","[376, 420, 268]","[366, 441, 126]","[379, 420, 196]","[370, 394, 61]","[364, 415, 134]",,"[388, 431, 71]",,"[332, 357, 39]",,"[310, 363, 23]",,"[282, 575, 12]",,"[306, 537, 14]",,,,,,,,,,,,,,,,,,,,,,,,,,,,,,,,,,,,,,,,,,,,,,,,,,,,,,,,,,,,,,,,,,,,,,,,,,,,,,,,,,,,,,,
29,adidas Yeezy Slide Bone (2022 Restock),https://stockx.com/fr-fr/adidas-yeezy-slide-bone-2022,,,,,"[103, None, 0]",,"[120, 146, 43]",,"[144, 176, 74]",,"[159, 189, 84]",,"[156, 182, 103]",,"[125, 146, 122]",,"[125, 145, 214]",,"[138, 163, 199]",,"[152, 178, 158]",,"[152, 187, 103]",,"[169, 192, 93]",,"[147, 186, 61]",,"[155, 247, 14]",,"[171, 231, 15]",,,,,,,,,,,,,,,,,,,,,,,,,,,,,,,,,,,,,,,,,,,,,,,,,,,,,,,,,,,,,,,,,,,,,,,,,,,,,,,,,,,,,,,,,,,
30,New Balance 530 White Silver Navy,https://stockx.com/fr-fr/new-balance-530-white-silver-navy,,,,,"[99, None, 0]","[134, None, 0]","[76, 96, 75]","[73, 92, 79]","[78, 104, 27]","[84, 104, 31]","[93, 118, 72]","[92, 116, 27]","[90, 130, 23]","[77, 118, 27]","[80, 119, 78]","[70, 102, 52]","[73, 116, 17]","[80, 110, 17]","[71, 100, 26]","[67, 115, 16]","[74, 120, 21]","[73, None, 0]","[80, 119, 6]","[71, None, 0]","[68, 112, 10]",,"[82, None, 0]",,,,,,,,,,,,,,,,,,,,,,,,,,,,,,,,,,,,,,,,,,,,,,,,,,,,,,,,,,,,,"[None, None, 0]",,,,,,,,,,,,,,,,,,,,,,,,,,,,,,,,,,
31,Jordan 5 Retro Aqua,https://stockx.com/fr-fr/air-jordan-5-retro-aqua,,,,,,"[21, 13537, 2]","[99, 390, 1]","[112, None, 0]","[129, None, 0]","[215, None, 0]","[189, None, 0]","[155, None, 0]","[140, 259, 15]","[171, 263, 22]","[171, 216, 33]","[150, 220, 38]","[147, 210, 64]","[169, 209, 56]","[176, 200, 68]","[161, 224, 48]","[156, 235, 60]","[170, 235, 42]","[171, 240, 62]","[142, 290, 18]","[153, 244, 45]",,"[147, 239, 23]",,"[149, 288, 11]",,"[133, 337, 2]",,"[104, 273, 9]",,"[51, 338, 7]",,,,,,,,,,,,,,,,,,,,,,,,,,,,,,,,,,,,,,,,,,,,,,,,,,,,,,,,,,,,,,,,,,,,,,,,,,,,,,,,,,,,,,,
32,New Balance 550 White Green,https://stockx.com/fr-fr/new-balance-550-white-green,,,,,,,"[152, 168, 38]","[140, 176, 46]","[140, 183, 42]","[150, 183, 64]","[171, 198, 48]","[157, 179, 100]","[152, 187, 57]","[140, 166, 57]","[142, 170, 110]","[141, 165, 105]","[153, 166, 91]","[153, 172, 117]","[153, 171, 90]","[143, 182, 66]","[157, 177, 88]","[154, 182, 54]","[152, 198, 51]",,"[133, 181, 37]",,"[73, 244, 11]",,"[161, 204, 8]",,,,"[73, 196, 2]",,,,,,,,,,,,,,,,,,,,,,,,,,,,,,,,,,,,,,,,,,,,,,,,,,,,,,,"[None, 220, 7]",,,,,,,,,,,,,,,,,,,,,,,,,,,,,,,,,,
33,adidas Yeezy Slide Onyx,https://stockx.com/fr-fr/adidas-yeezy-slide-black-onyx,,,,,,,"[101, 137, 55]",,"[119, 163, 83]",,"[166, 189, 81]",,"[155, 177, 126]",,"[139, 162, 151]",,"[129, 159, 230]",,"[155, 178, 175]",,"[190, 220, 133]",,"[196, 242, 90]",,"[187, 243, 48]",,"[271, 333, 18]",,"[218, 334, 17]",,"[198, 356, 8]",,,,,,,,,,,,,,,,,,,,,,,,,,,,,,,,,,,,,,,,,,,,,,,,,,,,,,,,,,,,,,,,,,,,,,,,,,,,,,,,,,,,,,,,,,,
34,Jordan 5 Retro DJ Khaled We The Best Crimson Bliss,https://stockx.com/fr-fr/air-jordan-5-retro-dj-khaled-we-the-best-crimson-bliss,,,,,,,"[76, 181, 11]","[86, 169, 8]","[86, 264, 13]","[93, 212, 21]","[92, 191, 26]","[112, 233, 24]","[142, 200, 41]","[145, 184, 47]","[157, 184, 56]","[152, 176, 69]","[158, 195, 119]","[150, 195, 95]","[156, 189, 135]","[152, 188, 122]","[152, 177, 165]","[159, 221, 66]","[171, 226, 93]","[138, 257, 41]","[154, 236, 147]",,"[216, 289, 17]",,"[138, 215, 48]",,,,,,,,,,,,,,,,,,,,,,,,,,,,,,,,,,,,,,,,,,,,,,,,,,,,,,,,,,,"[None, 215, 6]",,,,,,,,,,,,,,,,,,,,,,,,,,,,,,,,,,
35,Nike Dunk Low Next Nature White Mint (W),https://stockx.com/fr-fr/nike-dunk-low-next-nature-white-mint-w,,,,,,,,,"[77, 107, 83]","[90, 112, 89]","[90, 120, 91]","[95, 126, 123]","[95, 115, 200]","[90, 104, 243]","[95, 113, 270]","[95, 114, 304]","[90, 105, 236]","[95, 118, 185]","[95, 119, 163]","[120, 136, 86]","[124, 141, 63]","[112, 141, 52]","[114, 140, 61]","[152, 218, 7]","[157, 219, 7]","[139, 186, 11]","[128, 176, 10]","[147, 221, 5]","[34, None, 0]","[98, 195, 6]",,"[84, 163, 5]",,,,,,,,,,,,,,,,,,,,,,,,,,,,,,,,,,,,,,,,,,,,,,,,,,,,,,,,,,,,,,,,,,,,,,,,,,,,,,,,,,,,,,,,,,
36,Nike Air Force 1 Low Supreme White,https://stockx.com/fr-fr/nike-air-force-1-low-supreme-box-logo-white,,,,,,,"[216, 403, 7]","[224, 293, 6]","[192, 346, 6]","[175, 283, 8]","[142, 189, 31]","[152, 189, 39]","[152, 195, 31]","[142, 207, 22]","[144, 164, 157]","[149, 170, 89]","[141, 161, 200]","[147, 168, 113]","[138, 163, 136]","[138, 161, 192]","[142, 162, 168]","[144, 162, 58]","[134, 162, 174]","[130, 325, 5]","[123, 156, 116]",,"[161, 388, 5]","[43, None, 0]","[43, 568, 3]",,"[101, 293, 2]",,,,,,,,,,,,,,,,,,,,,,,,,,,,,,,,,,,,,,,,,,,,,,,,,,,,,,,,,,,,,,,,,,,,,,,,,,,,,,,,,,,,,,,,,,,
37,Jordan 4 Retro Midnight Navy,https://stockx.com/fr-fr/air-jordan-4-retro-white-midnight-navy,,,,,,"[181, 260, 22]","[229, 284, 23]","[212, 345, 24]","[280, 318, 30]","[304, 353, 23]","[295, 357, 31]","[271, 346, 54]","[290, 348, 92]","[285, 347, 95]","[290, 338, 169]","[309, 350, 233]","[285, 336, 295]","[290, 336, 324]","[285, 346, 367]","[303, 346, 273]","[280, 347, 319]","[312, 364, 192]","[285, 352, 311]","[268, 336, 75]","[272, 310, 181]",,"[245, 314, 70]",,"[202, 292, 34]",,"[189, 237, 16]",,"[181, 325, 3]",,"[147, 517, 7]",,,,,,,,,,,,,,,,,,,,,,,,,,,,,,,,,,,,,,,,,,,,,,,,,,,,,,,,,,,,,,,,,,,,,,,,,,,,,,,,,,,,,,,
38,Nike Dunk Low Retro QS Argon (2022),https://stockx.com/fr-fr/nike-dunk-low-retro-qs-flash-white-argon-blue-flash,,,,,,,"[81, 115, 18]","[104, 147, 8]","[128, 144, 31]","[120, 173, 22]","[138, 161, 43]","[161, 181, 29]","[138, 165, 41]","[119, 157, 43]","[109, 137, 99]","[107, 140, 101]","[120, 144, 156]","[122, 157, 131]","[125, 158, 151]","[126, 159, 119]","[122, 166, 106]","[125, 168, 50]","[134, 174, 68]","[145, 275, 18]","[150, 167, 67]",,"[104, 167, 35]",,"[112, 162, 38]",,,,,,,,,,,,,,,,,,,,,,,,,,,,,,,,,,,,,,,,,,,,,,,,,,,,,,,,,,,,,,,,,,,,,,,,,,,,,,,,,,,,,,,,,,,,,
39,Jordan 4 Retro SE Craft Photon Dust (GS),https://stockx.com/fr-fr/air-jordan-4-retro-se-craft-photon-dust-gs,,,,,,"[133, None, 0]","[128, 220, 24]","[134, 221, 15]","[147, 242, 17]","[146, 234, 17]","[163, 242, 14]","[148, 239, 12]","[168, 257, 9]","[211, 261, 10]","[169, 217, 112]","[190, 224, 123]","[190, 215, 193]","[200, 220, 155]","[191, 213, 179]","[191, 221, 158]","[209, 234, 70]","[171, 228, 56]","[189, 250, 37]","[345, None, 0]","[190, 251, 26]",,"[181, 237, 21]",,"[219, 532, 4]",,"[153, 374, 6]",,"[34, None, 0]",,"[34, None, 0]",,,,,,,,,,,,,,,,,,,,,,,,,,,,,,,,,,,,,,,,,,,,,,,,,,,,,,,,,,,,,,,,,,,,,,,,,,,,,,,,,,,,,,,
40,adidas Samba OG Cloud White Core Black,https://stockx.com/fr-fr/adidas-samba-og-cloud-white-core-black,,,,,,"[99, 159, 12]","[161, 208, 7]","[161, 230, 11]","[190, 229, 19]","[190, 261, 13]","[200, 234, 26]","[190, 228, 28]","[141, 170, 29]","[142, 164, 18]","[133, 163, 15]","[100, 137, 25]","[102, 135, 22]","[85, 121, 42]","[92, 107, 24]","[98, 125, 27]","[95, 122, 14]","[84, 99, 24]","[79, 156, 7]","[30, 135, 20]","[69, 104, 19]","[30, 103, 9]","[30, 120, 8]",,,,,,,,,,,,,,,,,,,,,,,,,,,,,,,,,,,,,,,,,,,,,,,,,,,,,,,,,,,,,"[None, None, 0]",,,,,,,,,,,,,,,,,,,,,,,,,,,,,,,,,,
41,Jordan 1 Retro AJKO Low SP Union Sail Leather,https://stockx.com/fr-fr/air-jordan-1-retro-ajko-low-sp-union-sail,,,,,,"[133, 185, 86]","[142, 194, 152]","[161, 209, 116]","[180, 208, 156]","[190, 217, 155]","[180, 195, 198]","[200, 221, 218]","[190, 216, 350]",,,,,,,,,,,,,,,,,,,,,,,,,,,,,,,,,,,,,,,,,,,,,,,,,,,,,,,,,,,,,,,,,,,,,,,,,,,,,,,,,,,,,,,,,,,,,,,,,,,,,,,,,,,,,
42,Nike Dunk Low Retro Miami Hurricanes,https://stockx.com/fr-fr/nike-dunk-low-retro-miami-hurricanes,,,,,,,"[64, 195, 10]","[87, 144, 9]","[125, 168, 4]","[78, 178, 6]","[121, 158, 17]","[114, 163, 22]","[105, 142, 25]","[112, 145, 24]","[123, 146, 54]","[114, 142, 63]","[120, 144, 81]","[120, 143, 72]","[121, 143, 106]","[130, 158, 52]","[131, 150, 89]","[133, 153, 41]","[140, 153, 64]","[151, None, 0]","[138, 173, 42]",,"[138, 160, 14]",,"[120, 172, 9]",,,,,,,,,,,,,,,,,,,,,,,,,,,,,,,,,,,,,,,,,,,,,,,,,,,,,,,,,,,"[None, None, 0]",,,,,,,,,,,,,,,,,,,,,,,,,,,,,,,,,,
43,Nike SB Dunk Low Pro ISO Orange Label Wolf Grey Gum,https://stockx.com/fr-fr/nike-sb-dunk-low-pro-iso-orange-label-grey-gum,,,,,,,"[172, None, 0]","[172, None, 0]","[172, None, 0]","[181, None, 0]","[125, 153, 20]","[106, 153, 32]","[87, 130, 37]","[90, 122, 47]","[95, 117, 120]","[95, 117, 98]","[95, 120, 122]","[89, 117, 102]","[95, 122, 108]","[95, 121, 111]","[110, 133, 99]","[108, 135, 62]","[106, 132, 77]","[107, 156, 13]","[117, 142, 43]",,"[123, 162, 23]",,"[62, 174, 12]",,,,,,,,,,,,,,,,,,,,,,,,,,,,,,,,,,,,,,,,,,,,,,,,,,,,,,,,,,,,,,,,,,,,,,,,,,,,,,,,,,,,,,,,,,,,,
44,Nike LeBron 20 All-Star,https://stockx.com/fr-fr/nike-lebron-20-all-star,,,,,,"[24, 519, 1]","[23, 250, 5]","[100, 203, 6]","[178, 308, 4]","[28, 222, 6]","[172, 312, 19]","[172, 322, 14]","[155, 210, 22]","[108, 241, 35]","[161, 201, 24]","[148, 199, 39]","[166, 210, 40]","[171, 217, 33]","[168, 205, 40]","[196, 218, 38]","[168, 216, 38]","[164, 219, 30]","[183, 245, 48]","[189, 258, 12]","[182, 237, 44]",,"[194, 280, 18]",,"[215, 336, 16]",,"[167, 299, 9]",,"[99, 378, 7]",,"[43, 533, 6]",,,,,,,,,,,,,,,,,,,,,,,,,,,,,,,,,,,,,,,,,,,,,,,,,,,,,,,,,,,,,,,,,,,,,,,,,,,,,,,,,,,,,,,
45,Nike Dunk High Panda (2021) (W),https://stockx.com/fr-fr/nike-dunk-high-panda-2021-w,,,,,,,,,"[96, 139, 38]","[102, 137, 48]","[104, 126, 85]","[95, 119, 111]","[107, 128, 105]","[94, 129, 109]","[104, 136, 143]","[97, 126, 156]","[96, 131, 99]","[112, 122, 88]","[97, 121, 80]","[86, 123, 44]","[92, 130, 50]","[78, 139, 27]","[97, 128, 38]",,,,,,,,,,,,,,,,,,,,,,,,,,,,,,,,,,,,,,,,,,,,,,,,,,,,,,,,,,,,,,,,,,,,,,,,,,,,,,,,,,,,,,,,,,,,,,,,,,,
47,New Balance 550 White Grey,https://stockx.com/fr-fr/new-balance-550-white-grey,,,,,"[67, None, 0]","[75, None, 0]","[102, 126, 42]","[108, 118, 30]","[100, 138, 54]","[95, 137, 41]","[91, 135, 50]","[123, 146, 47]","[114, 152, 52]","[103, 136, 44]","[71, 96, 213]","[89, 119, 64]","[97, 116, 146]","[102, 124, 67]","[104, 117, 86]","[100, 121, 56]","[90, 122, 47]","[96, 118, 56]","[95, 124, 47]","[69, None, 0]","[84, 119, 60]",,"[104, 154, 14]",,"[104, 134, 9]",,"[21, 241, 1]",,,,,,,,,,,,,,,,,,,,,,,,,,,,,,,,,,,,,,,,,,,,,,,,,,,,,,,,,"[None, 195, 3]",,,,,,"[21, 169, 3]","[21, 222, 2]","[21, None, 0]","[72, None, 0]","[77, None, 0]",,"[44, 277, 2]","[38, None, 0]",,"[76, None, 0]",,,"[43, None, 0]","[104, None, 0]","[43, 222, 1]",,,,,,,,,,,,,,
48,Nike Dunk Low Phantom Metallic Gold (W),https://stockx.com/fr-fr/nike-dunk-low-phantom-metallic-gold-w,,,,,,,,,"[145, 171, 27]","[133, 159, 31]","[133, 155, 77]","[133, 152, 77]","[133, 153, 120]","[129, 149, 96]","[133, 150, 105]","[134, 150, 107]","[123, 150, 97]","[111, 140, 86]","[125, 149, 52]","[110, 145, 48]","[102, 153, 40]","[119, 163, 22]","[116, 167, 19]",,,,,,,,,,,,,,,,,,,,,,,,,,,,,,,,,,,,,,,,,,,,,,,,,,,,,,,,,,,,,,,,,,,,,,,,,,,,,,,,,,,,,,,,,,,,,,,,,,,
49,Jordan 1 Retro Low OG SP Travis Scott Black Phantom,https://stockx.com/fr-fr/air-jordan-1-retro-low-og-sp-travis-scott-black-phantom,,,,,,"[394, 656, 12]","[409, 614, 22]","[369, 500, 23]","[457, 535, 29]","[476, 560, 40]","[522, 564, 32]","[495, 604, 56]","[474, 557, 84]","[486, 519, 77]","[514, 593, 119]","[544, 617, 171]","[552, 612, 190]","[582, 656, 157]","[608, 662, 180]","[552, 630, 137]","[586, 635, 182]","[608, 666, 83]","[568, 644, 135]","[561, 604, 44]","[538, 627, 117]",,"[539, 615, 27]",,"[564, 649, 22]",,"[547, 734, 11]",,"[369, 727, 9]",,"[389, 979, 3]",,,,,,,,,,,,,,,,,,,,,,,,,,,,,,,,,,,,,,,,,,,,,,,,,,,,,,,,,,,,,,,,,,,,,,,,,,,,,,,,,,,,,,,
50,Nike Dunk Low Retro Reverse Brazil,https://stockx.com/fr-fr/nike-dunk-low-reverse-brazil,,,,,,,"[180, 221, 4]","[94, 315, 6]","[146, 238, 8]","[129, 291, 8]","[114, 142, 26]","[123, 141, 23]","[109, 142, 32]","[104, 142, 19]","[95, 120, 51]","[100, 123, 64]","[114, 126, 41]","[109, 132, 59]","[114, 138, 63]","[104, 144, 73]","[114, 142, 71]","[111, 163, 33]","[119, 146, 57]","[123, 230, 7]","[112, 180, 43]",,"[120, 207, 13]",,"[133, 272, 4]",,,,,,,,,,,,,,,,,,,,,,,,,,,,,,,,,,,,,,,,,,,,,,,,,,,,,,,,,,,,,,,,,,,,,,,,,,,,,,,,,,,,,,,,,,,,,
51,adidas Yeezy Slide Resin (2022),https://stockx.com/fr-fr/adidas-yeezy-slide-resin-2022,,,,,,,"[75, 97, 62]",,"[78, 110, 85]",,"[86, 119, 74]",,"[99, 120, 85]",,"[86, 97, 136]",,"[77, 95, 230]",,"[86, 105, 202]",,"[103, 118, 136]",,"[111, 142, 73]",,"[116, 152, 42]",,"[123, 170, 29]",,"[115, 206, 10]",,"[107, 189, 9]",,,,,,,,,,,,,,,,,,,,,,,,,,,,,,,,,,,,,,,,,,,,,,,,,,,,,,,,,,,,,,,,,,,,,,,,,,,,,,,,,,,,,,,,,,,
52," Nike SB Dunk Low Pro ""Why So Sad?"" ",https://stockx.com/fr-fr/nike-sb-dunk-low-pro-why-so-sad,,,,,,,,,"[105, 181, 22]","[109, 167, 49]","[108, 161, 89]","[125, 161, 78]","[142, 164, 126]","[139, 165, 139]","[130, 164, 140]","[130, 164, 116]","[113, 161, 114]","[116, 163, 83]","[114, 168, 86]","[100, 166, 53]","[107, 173, 36]","[105, 172, 32]","[107, 176, 34]",,,,,,,,,,,,,,,,,,,,,,,,,,,,,,,,,,,,,,,,,,,,,,,,,,,,,,,,,,,,,,,,,,,,,,,,,,,,,,,,,,,,,,,,,,,,,,,,,,,
53,Nike Dunk Low Light Orewood Brown Sashiko,https://stockx.com/fr-fr/nike-dunk-low-light-orewood-brown-sashiko,,,,,,,,,,,"[125, 176, 10]","[133, 182, 19]","[123, 155, 21]","[114, 154, 21]","[114, 133, 60]","[120, 161, 61]","[120, 159, 24]","[121, 163, 51]","[131, 160, 50]","[133, 161, 20]","[138, 153, 58]","[123, 149, 22]","[120, 158, 34]","[116, 146, 22]","[119, 150, 51]",,"[112, 156, 15]",,"[104, 166, 11]",,,,,,,,,,,,,,,,,,,,,,,,,,,,,,,,,,,,,,,,,,,,,,,,,,,,,,,,,,,,,,,,,,,,,,,,,,,,,,,,,,,,,,,,,,,,,
54,Jordan 11 Retro Cherry (2022) (GS),https://stockx.com/fr-fr/air-jordan-11-retro-cherry-2022-gs,,,,,,"[116, None, 0]","[123, 209, 12]","[166, 226, 13]","[150, 228, 23]","[152, 252, 37]","[166, 194, 58]","[166, 204, 61]","[155, 227, 60]","[160, 221, 56]","[190, 210, 96]","[200, 226, 100]","[190, 225, 121]","[193, 231, 106]","[199, 230, 131]","[195, 248, 90]","[200, 248, 111]","[211, 240, 59]","[214, 261, 87]","[215, None, 0]","[228, 263, 51]",,"[189, 247, 26]",,"[274, None, 0]",,,,,,,,,,,,,,,,,,,,,,,,,,,,,,,,,,,,,,,,,,,,,,,,,,,,,,,,,,,,,,,,,,,,,,,,,,,,,,,,,,,,,,,,,,,,,
55,Nike Dunk Low Retro White Black Panda (2021) (TD),https://stockx.com/fr-fr/nike-dunk-low-retro-white-black-td,,,,,,"[112, 157, 73]","[115, 169, 82]","[124, 166, 102]","[125, 177, 186]","[139, 168, 155]","[142, 178, 156]","[168, 198, 135]","[163, 199, 217]",,,,,,,,,,,,,,,,,,,,,,,,,,,,,,,,,,,,,,,,,,,,,,,,,,,,,,,,,,,,,,,,,,,,,,,,,,,,,,,,,,,,,,,,,,,,,,,,,,,,,,,,,,,,,
56,Jordan 1 Low True Blue,https://stockx.com/fr-fr/air-jordan-1-low-true-blue,,,,,,,"[119, None, 0]","[21, None, 0]","[69, None, 0]","[122, None, 0]","[139, 214, 3]","[112, 1050, 1]","[95, 130, 29]","[95, 140, 35]","[99, 121, 51]","[94, 119, 53]","[100, 116, 66]","[96, 119, 84]","[95, 121, 99]","[94, 136, 82]","[95, 120, 99]","[100, 139, 39]","[114, 140, 64]","[104, 171, 27]","[100, 167, 33]",,"[104, 127, 23]",,"[99, 167, 12]",,,,,,,,,,,,,,,,,,,,,,,,,,,,,,,,,,,,,,,,,,,,,,,,,,,,,,,,,,,,,,,,,,,,,,,,,,,,,,,,,,,,,,,,,,,,,
58,Jordan 1 Low SE Concord (GS),https://stockx.com/fr-fr/air-jordan-1-low-se-concord-gs,,,,,,"[77, 138, 23]","[76, 125, 64]","[88, 140, 34]","[90, 138, 50]","[91, 131, 64]","[113, 127, 96]","[95, 125, 80]","[95, 127, 127]",,,,,,,,,,,,,,,,,,,,,,,,,,,,,,,,,,,,,,,,,,,,,,,,,,,,,,,,,,,,,,,,,,,,,,,,,,,,,,,,,,,,,,,,,,,,,,,,,,,,,,,,,,,,,
59,Jordan 4 Retro A Ma Mani�re Violet Ore,https://stockx.com/fr-fr/air-jordan-4-retro-a-ma-maniere-violet-ore,,,,,,,"[252, 313, 36]","[277, 357, 24]","[271, 343, 46]","[273, 347, 51]","[283, 347, 67]","[305, 378, 110]","[319, 378, 106]","[322, 398, 97]","[361, 392, 101]","[343, 398, 107]","[350, 399, 184]","[380, 410, 93]","[395, 466, 141]","[385, 451, 132]","[404, 453, 156]","[404, 515, 88]","[409, 492, 124]","[371, 436, 59]","[352, 430, 207]",,"[449, 578, 20]",,"[288, 349, 37]",,"[258, 584, 1]",,"[108, None, 0]",,"[87, None, 0]",,,,,,,,,,,,,,,,,,,,,,,,,,,,,,,,,,,,,,,,,,,,,,,,,,,,,,,,,,,,,,,,,,,,,,,,,,,,,,,,,,,,,,,
60,adidas Yeezy Slide Flax,https://stockx.com/fr-fr/adidas-yeezy-slide-flax,,,,,,,"[64, 90, 66]",,"[83, 98, 81]",,"[104, 126, 77]",,"[105, 126, 90]",,"[80, 93, 206]",,"[76, 85, 338]",,"[89, 100, 281]",,"[101, 121, 142]",,"[130, 141, 101]",,"[118, 134, 61]",,"[114, 144, 36]",,"[129, 165, 13]",,"[86, 179, 6]",,,,,,,,,,,,,,,,,,,,,,,,,,,,,,,,,,,,,,,,,,,,,,,,,,,,,,,,,,,,,,,,,,,,,,,,,,,,,,,,,,,,,,,,,,,
61,Nike SB Dunk Low Pro Black Gum,https://stockx.com/fr-fr/nike-sb-dunk-low-pro-black-gum,,,,,,"[1, None, 0]","[65, 145, 8]","[62, 146, 12]","[104, 140, 23]","[115, 145, 23]","[108, 137, 38]","[109, 129, 37]","[99, 128, 56]","[110, 133, 71]","[109, 134, 95]","[120, 138, 66]","[123, 140, 94]","[119, 142, 78]","[121, 133, 107]","[121, 144, 69]","[119, 134, 87]","[123, 132, 70]","[129, 139, 62]","[129, None, 0]","[129, 138, 45]",,"[112, 143, 42]",,"[129, 164, 8]",,"[43, None, 0]",,"[89, None, 0]",,"[47, None, 0]",,,,,,,,,,,,,,,,,,,,,,,,,,,,,,,,,,,,,,,,,,,,,,,,,,,,,,,,,,,,,,,,,,,,,,,,,,,,,,,,,,,,,,,
62,Nike Air Force 1 Low Valentine�s Day (2023) (W),https://stockx.com/fr-fr/nike-air-force-1-low-valentines-day-2023,,,,,,"[156, None, 0]","[160, None, 0]","[123, None, 0]","[150, 217, 23]","[161, 209, 14]","[161, 206, 27]","[176, 201, 46]","[180, 206, 49]","[166, 202, 41]","[193, 221, 20]","[190, 221, 48]","[223, 296, 10]","[237, 335, 4]","[209, 376, 5]","[203, 354, 2]","[237, 354, 2]","[238, 374, 3]","[238, 394, 2]","[256, None, 0]","[241, None, 0]","[301, None, 0]","[138, None, 0]",,"[104, None, 0]",,,,,,,,,,,,,,,,,,,,,,,,,,,,,,,,,,,,,,,,,,,,,,,,,,,,,,,,,,,,,,,,,,,,,,,,,,,,,,,,,,,,,,,,,,,,,
63,Jordan 12 Retro Black Taxi,https://stockx.com/fr-fr/air-jordan-12-retro-black-taxi,,,,,,"[35, 243, 3]","[103, 286, 3]","[108, 231, 4]","[94, 252, 2]","[94, 298, 3]","[95, 272, 6]","[119, 263, 6]","[129, 226, 28]","[156, 230, 20]","[145, 187, 44]","[141, 211, 50]","[131, 220, 25]","[135, 217, 41]","[136, 229, 38]","[144, 237, 45]","[144, 231, 53]","[152, 230, 39]","[171, 221, 55]","[190, 263, 12]","[150, 253, 32]",,"[180, 264, 25]",,"[173, 294, 9]",,"[143, 509, 2]",,"[131, None, 0]",,"[91, None, 0]",,,,,,,,,,,,,,,,,,,,,,,,,,,,,,,,,,,,,,,,,,,,,,,,,,,,,,,,,,,,,,,,,,,,,,,,,,,,,,,,,,,,,,,
64,adidas Samba Vegan White Gum,https://stockx.com/fr-fr/adidas-samba-vegan-white-gum,,,,,,,"[145, 182, 12]","[144, 201, 10]","[175, 221, 19]","[176, 218, 23]","[175, 235, 12]","[142, 183, 32]","[137, 174, 34]","[104, 138, 34]","[95, 129, 11]","[91, 116, 32]","[83, 119, 9]","[78, 109, 19]","[79, 99, 16]","[62, 104, 26]","[76, 104, 15]","[71, 102, 23]","[64, 148, 9]","[108, 121, 4]",,,,,"[47, None, 0]",,,,,,,,,,,,,,,,,,,,,,,,,,,,,,,,,,,,,,,,,,,,,,,,,,,,,,,,,,,"[None, 234, 1]",,,,,,,,,,,,,,,,,,,,,,,,,,,,,,,,,,
65,NikeCraft General Purpose Shoe Tom Sachs Archive Dark Sulfur,https://stockx.com/fr-fr/nikecraft-general-purpose-shoe-tom-sachs-yellow,,,,,,,,,,,,,,,,,,,,,,,,,,,,,,,,,,,,"[189, 257, 35]","[95, 125, 20]","[115, 124, 61]","[101, 120, 37]","[114, 137, 72]","[148, 158, 85]","[104, 126, 14]","[122, 135, 53]","[159, 183, 51]","[157, 168, 58]","[111, 122, 54]","[147, 160, 79]","[227, 260, 26]","[392, None, 0]","[285, None, 0]","[180, 209, 49]","[285, 441, 14]","[113, 126, 45]","[237, 334, 16]","[168, 197, 43]","[262, 1009, 5]","[125, 139, 82]",,,,,,,,,,,,,,,,,,,,,,,,,,,,,,,,,,,,,,,,,,,,,,,,,,,,,,,,,,,,,,,,,
66,Crocs Pollex Clog by Salehe Bembury Sasquatch,https://stockx.com/fr-fr/crocs-pollex-clog-by-salehe-bembury-sasquatch,,,,,,,,,"[51, None, 0]","[59, None, 0]","[102, 159, 14]","[91, 143, 20]","[93, 146, 28]","[95, 134, 27]","[105, 136, 23]","[100, 130, 44]","[109, 123, 44]","[85, 125, 36]","[86, 146, 44]","[100, 118, 74]","[101, 126, 48]","[78, 147, 18]","[85, 121, 32]","[89, 140, 12]","[71, 130, 25]",,"[69, 143, 13]",,"[36, 163, 8]",,,,,,,,,,,,,,,,,,,,,,,,,,,,,,,,,,,,,,,,,,,,,,,,,,,,,,,,,,,,,,,,,,,,,,,,,,,,,,,,,,,,,,,,,,,,,
67,Jordan 6 Retro Cool Grey,https://stockx.com/fr-fr/air-jordan-6-retro-cool-grey,,,,,,,,,,,,,"[142, 229, 22]","[123, 229, 29]","[152, 217, 39]","[150, 227, 45]","[161, 218, 63]","[161, 221, 79]","[165, 225, 53]","[161, 235, 60]","[204, 239, 50]","[159, 255, 27]","[168, 250, 39]","[238, 316, 7]","[181, 276, 26]",,"[194, 289, 16]",,"[117, 272, 8]",,,,,,,,,,,,,,,,,,,,,,,,,,,,,,,,,,,,,,,,,,,,,,,,,,,,,,,,,,,"[None, None, 0]",,,,,,,,,,,,,,,,,,,,,,,,,,,,,,,,,,
68,Jordan 4 Retro Military Black,https://stockx.com/fr-fr/air-jordan-4-retro-military-black,,,,,,"[216, 499, 4]","[261, 533, 7]","[285, 584, 9]","[361, 585, 23]","[375, 634, 11]","[379, 630, 14]","[483, 791, 10]","[404, 535, 58]","[436, 524, 55]","[400, 462, 101]","[387, 462, 150]","[362, 449, 195]","[366, 441, 202]","[401, 461, 205]","[390, 473, 176]","[369, 420, 233]","[380, 466, 128]","[371, 446, 177]","[342, 429, 45]","[323, 401, 129]",,"[260, 389, 62]",,"[307, 368, 17]",,"[215, 310, 7]",,"[219, 569, 3]",,"[285, 563, 4]",,,,,,,,,,,,,,,,,,,,,,,,,,,,,,,,,,,,,,,,,,,,,,,,,,,,,,,,,,,,,,,,,,,,,,,,,,,,,,,,,,,,,,,
69,Nike Dunk Low Retro White Pure Platinum,https://stockx.com/fr-fr/nike-dunk-low-retro-white-pure-platinum,,,,,,,"[81, 141, 27]",,"[99, 115, 29]",,"[92, 126, 27]",,"[103, 137, 46]",,"[101, 125, 77]",,"[85, 109, 156]",,"[86, 102, 242]",,"[81, 99, 184]",,"[86, 104, 133]",,"[78, 90, 100]",,"[93, 163, 12]",,"[69, 121, 43]",,,,,,,,,,,,,,,,,,,,,,,,,,,,,,,,,,,,,,,,,,,,,,,,,,,,,,,,,,,,,,,,,,,,,,,,,,,,,,,,,,,,,,,,,,,,,
70,Jordan 1 Retro AJKO Low SP Union White Canvas,https://stockx.com/fr-fr/air-jordan-1-retro-ajko-low-sp-union,,,,,,,"[80, None, 0]","[107, None, 0]","[116, None, 0]","[112, None, 0]","[103, 146, 18]","[87, 147, 20]","[95, 116, 36]","[95, 116, 29]","[97, 131, 44]","[100, 129, 55]","[100, 118, 45]","[96, 114, 85]","[100, 132, 64]","[103, 115, 47]","[100, 117, 67]","[105, 120, 34]","[102, 120, 37]","[99, 147, 17]","[103, 132, 29]",,"[99, 145, 18]",,"[77, 153, 4]",,,,,,,,,,,,,,,,,,,,,,,,,,,,,,,,,,,,,,,,,,,,,,,,,,,,,,,,,,,,,,,,,,,,,,,,,,,,,,,,,,,,,,,,,,,,,
71,Jordan 2 Retro Lucky Green,https://stockx.com/fr-fr/air-jordan-2-retro-lucky-green,,,,,,"[34, None, 0]","[34, 225, 16]","[77, 165, 23]","[157, 210, 27]","[109, 196, 29]","[120, 202, 37]","[161, 183, 70]","[152, 186, 106]","[135, 167, 107]","[152, 179, 171]","[152, 168, 146]","[152, 178, 242]","[161, 189, 206]","[166, 181, 213]","[169, 189, 192]","[142, 189, 259]","[159, 195, 123]","[152, 177, 176]","[140, 189, 70]","[119, 182, 241]",,"[147, 195, 70]",,"[144, 162, 17]",,"[138, 350, 4]",,"[34, None, 0]",,"[172, None, 0]",,,,,,,,,,,,,,,,,,,,,,,,,,,,,,,,,,,,,,,,,,,,,,,,,,,,,,,,,,,,,,,,,,,,,,,,,,,,,,,,,,,,,,,
72,Jordan 2 Retro OG Chicago (2022),https://stockx.com/fr-fr/air-jordan-2-retro-chicago-2022,,,,,,,,,,,,,"[90, 161, 38]","[115, 159, 69]","[123, 154, 67]","[114, 153, 162]","[128, 153, 174]","[114, 149, 174]","[110, 144, 117]","[125, 162, 112]","[121, 161, 97]","[105, 180, 46]","[129, 168, 46]","[129, 174, 18]","[133, 200, 32]",,"[142, 186, 22]",,"[120, 175, 17]",,"[90, 242, 5]",,"[82, 247, 5]",,"[79, 584, 3]",,,,,,,,,,,,,,,,,,,,,,,,,,,,,,,,,,,,,,,,,,,,,,,,,,,,,,,,,,,,,,,,,,,,,,,,,,,,,,,,,,,,,,,
73,Nike Air Force 1 Low '07 Black Black,https://stockx.com/fr-fr/nike-air-force-1-07-black-black,,,,,,"[35, 386, 4]","[75, 208, 5]","[35, 259, 7]","[125, 207, 7]","[69, 240, 9]","[95, 207, 16]","[95, 210, 19]","[113, 197, 29]","[142, 182, 36]","[142, 181, 69]","[132, 187, 91]","[145, 197, 115]","[150, 183, 136]","[154, 186, 133]","[181, 216, 164]","[184, 208, 141]","[176, 238, 64]","[181, 240, 99]","[196, 249, 23]","[188, 257, 84]",,"[196, 273, 29]",,"[210, 247, 22]",,"[156, 351, 3]",,"[56, None, 0]",,"[90, 387, 5]",,,,,,,,,,,,,,,,,,,,,,,,,,,,,,,,,,,,,,,,,,,,,,,,,,,,,,,,,,,,,,,,,,,,,,,,,,,,,,,,,,,,,,,
74,Nike Dunk Low QS LeBron James Fruity Pebbles,https://stockx.com/fr-fr/nike-dunk-low-qs-lebron-james-fruity-pebbles,,,,,,,,,"[60, 92, 17]","[60, 94, 14]","[58, 90, 17]","[56, 88, 36]","[57, 90, 65]","[64, 89, 68]","[64, 98, 41]",,"[69, 102, 39]","[62, 92, 25]","[28, 104, 17]",,"[39, 118, 9]",,"[6, 132, 5]",,,,,,,,,,,,,,,,,,,,,,,,,,,,,,,,,,,,,,,,,,,,,,,,,,,,,,,,,,,,,,,,,"[None, 73, 12]",,,,,,,,,,,,,,,,,,,,,,,,,,,,,,,,,,
75,Nike Court Legacy Lift White Black (W),https://stockx.com/fr-fr/nike-court-legacy-lift-white-black-w,,,,,,"[120, 209, 20]","[142, 212, 22]","[160, 217, 16]","[156, 225, 57]","[232, 373, 22]","[230, 294, 17]","[225, 368, 15]","[232, 315, 36]","[213, 230, 66]","[219, 292, 157]","[219, 280, 152]","[220, 303, 193]","[228, 314, 163]","[238, 304, 196]","[251, 322, 159]","[263, 336, 151]","[302, 367, 82]","[295, 345, 132]","[301, 395, 31]","[268, 456, 93]",,"[286, 409, 41]",,"[325, 493, 11]",,"[284, 593, 9]",,"[217, None, 0]",,"[181, 565, 2]",,,,,,,,,,,,,,,,,,,,,,,,,,,,,,,,,,,,,,,,,,,,,,,,,,,,,,,,,,,,,,,,,,,,,,,,,,,,,,,,,,,,,,,
76,Nike Dunk Low Ironstone,https://stockx.com/fr-fr/nike-dunk-low-ironstone,,,,,,"[112, None, 0]","[43, 155, 11]","[123, 151, 6]","[103, 158, 12]","[142, 170, 7]","[112, 128, 43]","[103, 133, 45]","[95, 136, 60]","[107, 128, 72]","[97, 120, 120]","[102, 120, 146]","[104, 129, 190]","[109, 132, 155]","[116, 136, 129]","[119, 137, 117]","[120, 136, 123]","[120, 142, 61]","[128, 145, 58]","[134, 153, 32]","[139, 166, 49]",,"[133, 183, 28]",,"[110, 151, 18]",,"[114, None, 0]",,"[35, None, 0]",,"[215, None, 0]",,,,,,,,,,,,,,,,,,,,,,,,,,,,,,,,,,,,,,,,,,,,,,,,,,,,,,,,,,,,,,,,,,,,,,,,,,,,,,,,,,,,,,,
77,Jordan 5 Retro UNC University Blue,https://stockx.com/fr-fr/air-jordan-5-retro-unc-university-blue,,,,,,,"[103, 158, 2]","[122, 174, 3]","[126, 229, 4]","[82, 218, 6]","[82, 201, 7]","[120, None, 0]","[118, 164, 5]","[122, 162, 5]","[124, 167, 9]","[112, 153, 19]","[120, 157, 17]","[113, 151, 29]","[108, 159, 23]","[112, 154, 16]","[117, 147, 26]","[124, 166, 16]","[122, 169, 18]","[116, 156, 9]","[116, 146, 4]",,"[129, 189, 1]",,"[68, None, 0]",,,,,,,,,,,,,,,,,,,,,,,,,,,,,,,,,,,,,,,,,,,,,,,,,,,,,,,,,,,,,,,,,,,,,,,,,,,,,,,,,,,,,,,,,,,,,
78,Jordan 11 Retro Cool Grey (2021),https://stockx.com/fr-fr/air-jordan-11-retro-cool-grey-2021,,,,,,"[21, 403, 2]","[25, 225, 10]","[95, 200, 3]","[100, 220, 7]","[130, 389, 3]","[104, 185, 20]","[120, 230, 13]","[104, 129, 38]","[115, 128, 35]","[113, 130, 61]","[119, 130, 57]","[102, 133, 56]","[102, 133, 79]","[95, 134, 78]","[104, 147, 45]","[107, 129, 69]","[116, 158, 34]","[116, 147, 54]","[116, 168, 18]","[128, 162, 36]",,"[112, 191, 14]",,"[112, 142, 8]",,,,,,,,,,,,,,,,,,,,,,,,,,,,,,,,,,,,,,,,,,,,,,,,,,,,,,,,,,,,,,,,,,,,,,,,,,,,,,,,,,,,,,,,,,,,,
79,Jordan 1 Retro High OG Patent Bred,https://stockx.com/fr-fr/air-jordan-1-retro-high-og-patent-bred,,,,,,,,,,,,,"[285, 328, 9]","[224, 335, 15]","[260, 336, 23]","[255, 338, 23]","[276, 329, 29]","[250, 336, 29]","[216, 334, 25]","[295, 329, 20]","[267, 335, 28]","[237, 378, 13]","[237, 401, 22]","[256, 388, 9]","[228, 409, 19]",,"[241, 453, 13]",,"[271, 494, 6]",,"[212, 687, 1]",,"[172, None, 0]",,"[11, None, 0]",,,,,,,,,,,,,,,,,,,,,,,,,,,,,,,,,,,,,,,,,,,,,,,,,,,,,,,,,,,,,,,,,,,,,,,,,,,,,,,,,,,,,,,
80,Jordan 1 Retro High OG Patent Bred,https://stockx.com/fr-fr/air-jordan-1-retro-high-og-patent-bred,,,,,,,"[209, 296, 13]",,"[200, 245, 32]",,"[198, 241, 45]",,"[198, 229, 87]",,"[194, 210, 108]",,"[178, 204, 137]",,"[189, 208, 101]",,"[187, 216, 108]",,"[181, 241, 78]",,"[183, 263, 65]",,"[219, 308, 31]",,"[195, 339, 12]",,"[215, 390, 13]",,,,,,,,,,,,,,,,,,,,,,,,,,,,,,,,,,,,,,,,,,,,,,,,,,,,,,,,,,,,,,,,,,,,,,,,,,,,,,,,,,,,,,,,,,,
81,adidas Yeezy Boost 350 V2 Beluga Reflective,https://stockx.com/fr-fr/adidas-yeezy-boost-350-v2-beluga-reflective,,,,,,"[129, 221, 17]","[166, 236, 27]","[122, 250, 21]","[207, 245, 22]","[263, 325, 19]","[246, 333, 28]","[180, 336, 31]","[221, 262, 67]","[212, 262, 89]","[183, 264, 191]","[200, 240, 184]","[200, 236, 288]","[205, 247, 260]","[204, 247, 259]","[211, 259, 211]","[224, 263, 209]","[246, 302, 114]","[246, 298, 191]","[241, 335, 48]","[267, 301, 109]",,"[235, 349, 35]",,"[172, 420, 19]",,"[258, 319, 8]",,"[165, 518, 1]",,"[153, 571, 3]",,,,,,,,,,,,,,,,,,,,,,,,,,,,,,,,,,,,,,,,,,,,,,,,,,,,,,,,,,,,,,,,,,,,,,,,,,,,,,,,,,,,,,,
82,New Balance 2002R Protection Pack Rain Cloud,https://stockx.com/fr-fr/new-balance-m2002-protection-pack-rain-cloud,,,,,,,"[199, 264, 44]","[194, 242, 57]","[198, 305, 76]","[238, 308, 150]","[220, 315, 112]","[230, 321, 174]","[232, 270, 120]","[271, 309, 90]","[263, 305, 88]","[257, 306, 152]","[238, 298, 165]","[239, 294, 195]","[257, 296, 184]","[271, 310, 166]","[266, 309, 183]","[257, 303, 135]","[275, 314, 104]","[277, 336, 55]","[237, 313, 86]","[237, 326, 44]","[237, 266, 51]","[211, 481, 8]","[209, 455, 7]",,"[238, 537, 5]",,"[104, 576, 3]",,,,,,,,,,,,,,,,,,,,,,,,,,,,,,,,,,,,,,,,,,,,,,,,,,,,,,,,,,,,,,,,,,,,,,,,,,,,,,,,,,,,,,,,,
83,Jordan 4 Retro SE Black Canvas,https://stockx.com/fr-fr/air-jordan-4-retro-se-black-canvas,,,,,,"[190, None, 0]","[209, 237, 28]","[200, 218, 30]","[223, 264, 18]","[228, 248, 27]","[234, 266, 21]","[238, 281, 17]","[215, 255, 16]","[228, 252, 21]","[204, 250, 40]","[223, 244, 51]","[247, 267, 34]","[242, 260, 37]","[252, 278, 34]","[267, 377, 13]","[261, 304, 22]","[345, 588, 7]","[372, 407, 12]",,"[430, 557, 10]",,"[258, 1297, 2]",,"[285, None, 0]",,,,,,,,,,,,,,,,,,,,,,,,,,,,,,,,,,,,,,,,,,,,,,,,,,,,,,,,,,,,,,,,,,,,,,,,,,,,,,,,,,,,,,,,,,,,,
84,adidas Yeezy Foam RNR Onyx,https://stockx.com/fr-fr/adidas-yeezy-foam-rnnr-onyx,,,,,,"[175, 329, 3]","[240, 370, 17]","[232, 390, 9]","[247, 365, 15]","[323, 494, 7]","[282, 498, 12]","[302, 611, 18]","[324, 364, 74]","[298, 367, 60]","[291, 357, 136]","[276, 364, 135]","[314, 357, 148]","[304, 368, 174]","[309, 362, 180]","[336, 389, 149]","[304, 367, 169]","[304, 380, 68]","[314, 371, 140]","[301, 394, 41]","[285, 369, 76]",,"[277, 389, 35]",,"[267, 347, 23]",,"[258, 370, 6]",,"[171, 357, 4]",,"[123, 788, 1]",,,,,,,,,,,,,,,,,,,,,,,,,,,,,,,,,,,,,,,,,,,,,,,,,,,,,,,,,,,,,,,,,,,,,,,,,,,,,,,,,,,,,,,
85,Jordan 1 Low Bred Toe,https://stockx.com/fr-fr/air-jordan-1-low-bred-toe,,,,,,,,,"[57, None, 0]",,,,"[97, 135, 38]","[112, 144, 50]","[103, 129, 113]","[119, 136, 119]","[111, 132, 132]","[107, 131, 154]","[104, 128, 216]","[102, 123, 152]","[103, 124, 193]","[104, 132, 75]","[97, 123, 158]","[123, 138, 40]","[103, 147, 73]",,"[103, 139, 42]",,"[113, 136, 20]",,"[56, 122, 9]",,"[21, 157, 4]",,"[36, 158, 10]",,,,,,,,,,,,,,,,,,,,,,,,,,,,,,,,,,,,,,,,,,,,,,,,,,,,,"[None, None, 0]",,,,,,,,,,,,,,,,,,,,,,,,,,,,,,,,,,
86,Jordan 6 Retro Chrome Metallic Silver,https://stockx.com/fr-fr/air-jordan-6-retro-metallic-silver,,,,,,"[103, None, 0]","[86, None, 0]","[34, None, 0]","[159, None, 0]","[172, None, 0]","[138, None, 0]","[241, None, 0]","[155, 241, 15]","[219, 289, 24]","[190, 258, 34]","[200, 277, 35]","[200, 256, 34]","[205, 243, 47]","[190, 244, 44]","[186, 243, 54]","[190, 273, 43]","[202, 264, 36]","[190, 274, 39]","[173, 270, 17]","[196, 322, 31]",,"[208, 338, 18]",,"[176, 375, 7]",,"[172, 481, 2]",,"[172, None, 0]",,"[116, 924, 2]",,,,,,,,,,,,,,,,,,,,,,,,,,,,,,,,,,,,,,,,,,,,,,,,,,,,,,,,,,,,,,,,,,,,,,,,,,,,,,,,,,,,,,,
87,Jordan 3 Retro Fire Red (2022),https://stockx.com/fr-fr/air-jordan-3-retro-fire-red-2022,,,,,,"[64, 258, 13]","[90, 244, 11]","[138, 277, 6]","[147, 247, 10]","[150, 251, 6]","[194, 299, 14]","[172, 389, 7]","[181, 254, 34]","[176, 269, 31]","[190, 258, 114]","[200, 252, 109]","[214, 273, 122]","[219, 264, 121]","[218, 270, 185]","[240, 285, 156]","[213, 234, 166]","[200, 273, 141]","[238, 282, 173]","[239, 294, 29]","[214, 315, 121]",,"[209, 325, 37]",,"[222, 353, 19]",,"[198, 455, 7]",,"[172, 293, 3]",,"[163, 342, 6]",,,,,,,,,,,,,,,,,,,,,,,,,,,,,,,,,,,,,,,,,,,,,,,,,,,,,,,,,,,,,,,,,,,,,,,,,,,,,,,,,,,,,,,
88,Jordan 1 Mid White Metallic Gold Obsidian,https://stockx.com/fr-fr/air-jordan-1-mid-white-metallic-gold-obsidian,,,,,,,,,,,,,"[122, 141, 55]","[108, 138, 64]","[104, 119, 90]","[103, 134, 98]","[107, 141, 77]","[114, 134, 94]","[104, 139, 116]","[110, 129, 104]","[110, 128, 117]","[113, 131, 51]","[112, 128, 79]","[120, 153, 26]","[116, 132, 59]",,"[113, 153, 39]",,"[109, 128, 10]",,"[47, 140, 6]",,"[38, 158, 2]",,"[47, 184, 2]",,,,,,,,,,,,,,,,,,,,,,,,,,,,,,,,,,,,,,,,,,,,,,,,,,,,,,,,,,,,,,,,,,,,,,,,,,,,,,,,,,,,,,,
89,adidas Yeezy Slide Glow Green (2022) (Restock),https://stockx.com/fr-fr/adidas-yeezy-slide-glow-green-2022,,,,,"[56, None, 0]",,"[57, 95, 84]",,"[82, 110, 64]",,"[91, 135, 52]",,"[78, 126, 74]",,"[79, 94, 154]",,"[74, 94, 283]",,"[85, 102, 262]",,"[93, 115, 126]",,"[100, 137, 100]",,"[119, 179, 37]",,"[113, 215, 13]",,"[138, 242, 3]",,"[130, 356, 4]",,,,,,,,,,,,,,,,,,,,,,,,,,,,,,,,,,,,,,,,,,,,,,,,,,,,,,,,,,,,,,,,,,,,,,,,,,,,,,,,,,,,,,,,,,,
90,Jordan 1 High OG Denim (W),https://stockx.com/fr-fr/air-jordan-1-high-og-denim-w,,,,,,,,,"[157, 183, 22]","[152, 169, 31]","[155, 185, 59]","[176, 205, 42]","[185, 230, 46]","[200, 248, 52]","[252, 326, 33]","[219, 325, 33]","[245, 321, 21]","[238, 272, 21]","[222, 258, 35]","[183, 231, 56]","[176, 217, 71]","[171, 205, 69]","[166, 195, 58]",,,,,,,,,,,,,,,,,,,,,,,,,,,,,,,,,,,,,,,,,,,,,,,,,,,,,,,,,,,,,,,,,,,,,,,,,,,,,,,,,,,,,,,,,,,,,,,,,,,
91,Nike Dunk Low Safari Mix (W),https://stockx.com/fr-fr/nike-dunk-low-safari-mix-w,,,,,,"[97, 166, 18]","[123, 171, 15]","[127, 167, 25]","[125, 183, 41]","[144, 175, 56]","[147, 183, 65]","[152, 189, 43]","[176, 216, 101]","[180, 217, 71]","[171, 210, 127]","[162, 209, 154]","[171, 210, 194]","[190, 217, 240]","[178, 209, 251]","[183, 220, 236]","[178, 220, 251]","[190, 227, 153]","[185, 216, 209]","[172, 214, 80]","[168, 225, 151]",,"[176, 210, 62]",,"[150, 211, 33]",,"[122, 296, 8]",,"[95, 237, 11]",,"[108, 216, 4]",,,,,,,,,,,,,,,,,,,,,,,,,,,,,,,,,,,,,,,,,,,,,,,,,,,,,,,,,,,,,,,,,,,,,,,,,,,,,,,,,,,,,,,
92,Jordan 1 Retro High OG Taxi,https://stockx.com/fr-fr/air-jordan-1-retro-high-og-yellow-toe,,,,,"[66, None, 0]","[81, None, 0]","[77, 135, 13]","[82, 128, 15]","[90, 153, 23]","[97, 151, 36]","[94, 171, 18]","[96, 144, 25]","[114, 148, 35]","[109, 151, 38]","[105, 136, 32]","[107, 132, 37]","[111, 136, 37]","[88, 132, 37]","[104, 134, 111]","[93, 157, 32]","[95, 153, 29]","[102, 143, 26]","[82, 147, 78]",,"[69, 134, 22]",,"[86, 321, 2]",,"[97, 212, 2]",,,,,,,,,,,,,,,,,,,,,,,,,,,,,,,,,,,,,,,,,,,,,,,,,,,,,,,,,,,"[None, None, 0]",,,,,,"[46, None, 0]",,,,,,,,"[76, 161, 1]","[55, None, 0]",,,,"[79, None, 0]","[86, None, 0]",,,,,,"[95, None, 0]",,,,,,,,
93," Nike Air Force 1 Low ""Supreme Black"" ",https://stockx.com/fr-fr/nike-air-force-1-low-supreme-box-logo-black,,,,,,,,,"[104, 153, 22]","[109, 137, 57]","[91, 136, 61]","[99, 140, 99]","[103, 137, 138]","[102, 133, 207]","[114, 124, 92]","[100, 133, 115]","[103, 126, 82]","[104, 128, 87]","[112, 142, 62]","[104, 136, 123]","[119, 161, 37]","[116, 153, 29]","[125, 150, 25]",,,,,,,,,,,,,,,,,,,,,,,,,,,,,,,,,,,,,,,,,,,,,,,,,,,,,,,,,,,,,,,,,,,,,,,,,,,,,,,,,,,,,,,,,,,,,,,,,,,
94,New Balance 550 White Black,https://stockx.com/fr-fr/new-balance-550-white-black,,,,,,,,,"[129, 260, 1]",,"[112, None, 0]",,"[95, 181, 58]",,"[87, 122, 70]",,"[77, 120, 44]",,"[77, 112, 32]",,"[93, 117, 42]",,"[68, 111, 38]",,"[76, 146, 19]",,"[60, 132, 9]",,,,"[1, None, 0]",,,,,,,,,,,,,,,,,,,,,,,,,,,,,,,,,,,,,,,,,,,,,,,,,,,,,,,,,"[None, 195, 2]",,,,,,,,,,,,,,,,,,,,,,,,,,,,,,,,,,
95,Nike Dunk Low Peach Cream (W),https://stockx.com/fr-fr/nike-dunk-low-peach-cream-w,,,,,,,,,"[101, 132, 44]","[95, 133, 68]","[119, 140, 69]","[119, 137, 64]","[123, 144, 62]","[107, 149, 56]","[134, 166, 53]","[123, 167, 44]","[129, 196, 32]","[150, 196, 30]","[130, 210, 34]","[132, 191, 23]","[112, 211, 25]","[105, 182, 19]","[109, 178, 20]","[180, 313, 5]","[190, 352, 4]","[194, 381, 2]","[190, 368, 3]",,,"[180, 444, 2]",,"[180, 573, 3]",,,,,,,,,,,,,,,,,,,,,,,,,,,,,,,,,,,,,,,,,,,,,,,,,,,,,,,,"[None, None, 0]",,,,,,,,,,,,,,,,,,,,,,,,,,,,,,,,,,
96,UGG Tasman Slipper Chestnut,https://stockx.com/fr-fr/ugg-tasman-slipper-chestnut,,,,,,,,,"[120, 155, 29]",,"[130, 157, 53]",,"[144, 181, 35]",,"[147, 177, 44]",,"[130, 186, 42]",,"[108, 182, 23]",,"[37, 131, 28]",,"[95, 152, 6]",,,,,,,,,,,,,,,,,,,,,,,,,,,,,,,,,,,,,,,,,,,,,,,,,,,,,,,,,,,,,,,,,,,,,,,,,,,,,,,,,,,,,,,,,,,,,,,,,,,
97,Jordan 1 Retro High OG Gorge Green,https://stockx.com/fr-fr/air-jordan-1-retro-high-og-gorge-green,,,,,,"[147, 196, 73]","[166, 236, 96]","[209, 252, 87]","[228, 282, 92]","[223, 302, 103]","[223, 294, 126]","[252, 313, 116]","[237, 298, 150]",,,,,,,,,,,,,,,,,,,,,,,,,,,,,,,,,,,,,,,,,,,,,,,,,,,,,,,,,,,,,,,,,,,,,,,,,,,,,,,,,,,,,,,,,,,,,,,,,,,,,,,,,,,,,
98,Jordan 1 Mid SE Space Jam (GS),https://stockx.com/fr-fr/air-jordan-1-mid-space-jam-gs,,,,,,,"[161, 234, 8]","[156, 248, 10]","[156, 306, 10]","[139, 321, 8]","[162, 207, 27]","[180, 208, 16]","[152, 200, 23]","[190, 203, 19]","[161, 200, 53]","[147, 176, 58]","[145, 172, 80]","[152, 177, 60]","[147, 171, 77]","[140, 166, 90]","[154, 178, 40]","[140, 183, 21]","[152, 179, 105]","[35, None, 0]","[140, 178, 53]",,"[146, 181, 8]",,"[34, 404, 1]",,,,,,,,,,,,,,,,,,,,,,,,,,,,,,,,,,,,,,,,,,,,,,,,,,,,,,,,,,,"[None, None, 0]",,,,,,,,,,,,,,,,,,,,,,,,,,,,,,,,,,
99,UGG Classic Ultra Mini Chestnut (W),https://stockx.com/fr-fr/ugg-classic-ultra-mini-chestnut-w,,,,,,,,,,,,,,"[103, 272, 5]","[155, 272, 14]","[129, 272, 11]","[173, 272, 13]","[161, 262, 17]","[172, 280, 16]","[194, 271, 18]","[200, 230, 23]","[198, 230, 27]","[198, 239, 29]","[219, None, 0]","[232, 448, 7]",,"[194, 308, 11]",,,,,,,,,,,,,,,,,,,,,,,,,,,,,,,,,,,,,,,,,,,,,,,,,,,,,,,,,,,,,"[None, None, 0]",,,,,,,,,,,,,,,,,,,,,,,,,,,,,,,,,,
